iter,ce_loss,ds_loss,final_loss
10,0.376888,0.261540,1.270138
20,0.050892,0.057135,0.552412
30,0.281003,0.132196,0.991111
40,0.147541,0.110279,0.652084
50,0.023355,0.018010,0.372476
60,0.135313,0.090862,0.600576
70,0.377164,0.264614,1.057520
80,0.177450,0.139755,0.692964
90,0.073894,0.050612,0.368340
100,0.077328,0.051580,0.414760
110,0.063243,0.051139,0.435136
120,0.132193,0.089148,0.488227
130,0.077771,0.060949,0.402818
140,0.074932,0.059408,0.402697
150,0.045960,0.034001,0.323826
160,0.113552,0.074171,0.501443
170,0.052213,0.041752,0.581736
180,0.060692,0.042399,0.339599
190,0.035680,0.025751,0.252518
200,0.074406,0.053152,0.337391
210,0.049321,0.040024,0.354212
220,0.028602,0.020989,0.226310
230,0.134081,0.097053,0.502491
240,0.070827,0.050815,0.339372
250,0.065012,0.047342,0.301115
260,0.054198,0.038776,0.279104
270,0.101330,0.080243,0.433133
280,0.041852,0.029981,0.269238
290,0.055776,0.041581,0.242059
300,0.093155,0.068362,0.422927
310,0.027497,0.020520,0.213871
320,0.041968,0.031511,0.295141
330,0.040660,0.030651,0.245229
340,0.044044,0.033416,0.284022
350,0.035944,0.028210,0.259582
360,0.064671,0.047593,0.332962
370,0.100450,0.075096,0.538226
380,0.067851,0.052522,0.306842
390,0.113129,0.088394,0.406997
400,0.086903,0.066660,0.361008
410,0.099051,0.072148,0.362953
420,0.042197,0.031340,0.283737
430,0.068714,0.052289,0.300937
440,0.060580,0.046735,0.283151
450,0.066358,0.049946,0.300392
460,0.038241,0.027963,0.233269
470,0.058641,0.041079,0.273529
480,0.070611,0.051589,0.300859
490,0.016399,0.012033,0.117561
500,0.037455,0.026735,0.289637
510,0.075186,0.055605,0.347369
520,0.045461,0.031756,0.286218
530,0.025686,0.019894,0.193677
540,0.052937,0.042566,0.276718
550,0.034777,0.026811,0.204047
560,0.095466,0.071832,0.345767
570,0.085049,0.066903,0.336770
580,0.056469,0.042098,0.346700
590,0.048288,0.035151,0.252558
600,0.026926,0.020236,0.191537
610,0.035876,0.025466,0.235150
620,0.047678,0.035940,0.242574
630,0.075857,0.057431,0.298066
640,0.016875,0.012505,0.163266
650,0.073701,0.057707,0.290021
660,0.023084,0.017346,0.199998
670,0.017537,0.012912,0.160402
680,0.057447,0.041645,0.254235
690,0.050488,0.037826,0.382865
700,0.124947,0.103089,0.415061
710,0.061953,0.046034,0.264657
720,0.027361,0.020586,0.204894
730,0.064493,0.046963,0.248168
740,0.048487,0.035746,0.235783
750,0.065077,0.050545,0.263953
760,0.098021,0.073276,0.334769
770,0.075126,0.056929,0.339158
780,0.024347,0.017850,0.261617
790,0.020261,0.014797,0.209983
800,0.017651,0.013945,0.222714
810,0.051795,0.038960,0.253890
820,0.056416,0.042433,0.291009
830,0.022474,0.017857,0.218173
840,0.056253,0.042873,0.243217
850,0.206596,0.154864,0.634997
860,0.019921,0.014316,0.196365
870,0.079256,0.058224,0.305128
880,0.036885,0.027488,0.156760
890,0.069728,0.053088,0.284016
900,0.080346,0.059062,0.298988
910,0.026445,0.019409,0.191048
920,0.018646,0.012563,0.204550
930,0.078485,0.064474,0.322901
940,0.031464,0.023559,0.198013
950,0.023231,0.016902,0.251459
960,0.018090,0.013400,0.186027
970,0.053533,0.040245,0.246787
980,0.054217,0.040497,0.237397
990,0.071610,0.054631,0.303477
1000,0.024573,0.017874,0.184219
1010,0.068368,0.053679,0.294205
1020,0.090538,0.067626,0.355743
1030,0.088505,0.067236,0.317564
1040,0.089932,0.068494,0.326976
1050,0.049137,0.037543,0.232518
1060,0.010475,0.007791,0.191369
1070,0.012629,0.009069,0.137031
1080,0.037694,0.027793,0.188877
1090,0.055690,0.041413,0.273152
1100,0.018303,0.013643,0.216476
1110,0.026337,0.019918,0.179855
1120,0.051754,0.038857,0.282885
1130,0.018016,0.013606,0.138583
1140,0.061157,0.046284,0.273925
1150,0.017693,0.012880,0.219241
1160,0.029902,0.021396,0.246822
1170,0.031586,0.024532,0.259760
1180,0.025558,0.019791,0.231821
1190,0.053003,0.039155,0.256089
1200,0.018715,0.014223,0.146482
1210,0.030358,0.021998,0.173116
1220,0.045028,0.033364,0.234654
1230,0.043409,0.032797,0.196096
1240,0.063204,0.045677,0.294334
1250,0.057308,0.042655,0.251581
1260,0.045992,0.034976,0.216600
1270,0.013656,0.010022,0.423123
1280,0.033863,0.024978,0.199013
1290,0.040036,0.030466,0.209099
1300,0.010021,0.006926,0.132362
1310,0.026536,0.019932,0.147572
1320,0.074505,0.055880,0.313677
1330,0.024591,0.018245,0.138650
1340,0.033827,0.024842,0.206700
1350,0.043294,0.033197,0.205871
1360,0.034597,0.025721,0.222311
1370,0.029886,0.022641,0.179379
1380,0.036362,0.027631,0.197517
1390,0.060704,0.045761,0.249258
1400,0.039964,0.030066,0.221333
1410,0.071616,0.056226,0.312534
1420,0.026332,0.018969,0.222870
1430,0.022451,0.017944,0.225550
1440,0.014164,0.009951,0.282175
1450,0.035606,0.027641,0.188192
1460,0.028775,0.021456,0.143922
1470,0.013434,0.010675,0.126169
1480,0.039621,0.030562,0.178665
1490,0.045715,0.034516,0.211899
1500,0.087685,0.066249,0.314545
1510,0.053110,0.041094,0.236119
1520,0.025991,0.019528,0.181930
1530,0.043698,0.032744,0.194293
1540,0.053423,0.039958,0.245317
1550,0.118908,0.097094,0.638764
1560,0.029540,0.022407,0.165532
1570,0.039025,0.028059,0.214762
1580,0.010341,0.007207,0.180794
1590,0.010073,0.007211,0.147090
1600,0.023108,0.017616,0.216806
1610,0.023462,0.017007,0.187455
1620,0.047356,0.035184,0.214447
1630,0.032776,0.022933,0.219634
1640,0.017383,0.013387,0.224424
1650,0.072909,0.054461,0.273516
1660,0.037265,0.028897,0.161861
1670,0.048547,0.035823,0.277687
1680,0.014518,0.011309,0.169268
1690,0.017969,0.013848,0.162278
1700,0.028467,0.021362,0.187289
1710,0.059274,0.046733,0.272766
1720,0.052114,0.038547,0.217614
1730,0.102247,0.076809,0.341200
1740,0.047927,0.036430,0.188829
1750,0.052208,0.039440,0.223948
1760,0.092252,0.069980,0.322816
1770,0.032327,0.024573,0.183952
1780,0.023217,0.016745,0.240849
1790,0.032025,0.023948,0.187489
1800,0.003156,0.002309,0.006646
1810,0.044142,0.033418,0.215174
1820,0.038790,0.028574,0.219320
1830,0.037058,0.028218,0.183260
1840,0.038647,0.029015,0.197971
1850,0.052118,0.039374,0.232593
1860,0.027164,0.020173,0.161702
1870,0.043552,0.032771,0.218362
1880,0.045317,0.033952,0.221705
1890,0.037408,0.027912,0.184236
1900,0.017621,0.012997,0.155835
1910,0.026563,0.020903,0.135466
1920,0.052661,0.037773,0.227342
1930,0.038394,0.028732,0.209633
1940,0.014173,0.010156,0.161444
1950,0.051374,0.038314,0.244177
1960,0.032295,0.025415,0.159830
1970,0.043033,0.032881,0.196813
1980,0.056483,0.042895,0.245507
1990,0.034425,0.025201,0.231382
2000,0.038378,0.028647,0.193617
2010,0.037059,0.028104,0.186291
2020,0.030597,0.022727,0.194458
2030,0.085694,0.063867,0.322132
2040,0.025205,0.019467,0.180564
2050,0.013665,0.010073,0.126969
2060,0.015146,0.011190,0.169582
2070,0.053990,0.040655,0.220597
2080,0.067181,0.050696,0.271307
2090,0.033218,0.025078,0.191158
2100,0.040040,0.030298,0.180766
2110,0.053479,0.039635,0.232064
2120,0.014633,0.010456,0.178252
2130,0.031108,0.023565,0.177815
2140,0.046316,0.035653,0.236979
2150,0.044575,0.033433,0.198824
2160,0.013339,0.009717,0.086174
2170,0.090354,0.067679,0.332057
2180,0.036983,0.027810,0.174449
2190,0.027698,0.021312,0.177664
2200,0.034259,0.025399,0.190398
2210,0.051449,0.039722,0.223460
2220,0.055098,0.042498,0.231166
2230,0.017607,0.013299,0.144969
2240,0.040598,0.030811,0.180975
2250,0.054419,0.041542,0.235345
2260,0.039472,0.029868,0.188517
2270,0.023347,0.016870,0.166775
2280,0.042817,0.032499,0.198467
2290,0.063149,0.047255,0.257616
2300,0.036475,0.028216,0.181716
2310,0.023934,0.018662,0.169332
2320,0.003464,0.002594,0.200226
2330,0.057566,0.042739,0.260147
2340,0.039738,0.029780,0.204133
2350,0.041594,0.031153,0.196832
2360,0.023099,0.017298,0.225522
2370,0.007212,0.005001,0.148646
2380,0.068030,0.052097,0.266180
2390,0.030384,0.023037,0.168262
2400,0.043588,0.034236,0.240867
2410,0.047349,0.035517,0.210400
2420,0.080855,0.060173,0.274247
2430,0.017970,0.013189,0.146535
2440,0.046755,0.035321,0.232920
2450,0.061476,0.045327,0.250085
2460,0.012246,0.008954,0.132389
2470,0.039806,0.029651,0.189585
2480,0.035876,0.026760,0.209927
2490,0.016768,0.012751,0.158117
2500,0.033208,0.025123,0.181915
2510,0.036109,0.027031,0.197744
2520,0.035742,0.027129,0.197731
2530,0.049109,0.038100,0.223412
2540,0.014859,0.011663,0.068207
2550,0.056036,0.042002,0.232448
2560,0.024608,0.017874,0.153881
2570,0.054744,0.041689,0.237694
2580,0.005264,0.003824,0.138180
2590,0.063775,0.048219,0.267606
2600,0.086139,0.065151,0.310147
2610,0.064208,0.047844,0.263508
2620,0.014845,0.010926,0.129530
2630,0.036967,0.027424,0.235446
2640,0.036428,0.027596,0.223630
2650,0.060607,0.046013,0.236762
2660,0.042355,0.031851,0.208925
2670,0.084619,0.062551,0.303460
2680,0.024437,0.017943,0.164889
2690,0.048253,0.035789,0.225558
2700,0.060609,0.045451,0.241798
2710,0.023240,0.016983,0.179743
2720,0.026579,0.019912,0.172821
2730,0.038404,0.029086,0.178867
2740,0.056310,0.042356,0.214758
2750,0.039964,0.030374,0.221841
2760,0.026917,0.020390,0.179439
2770,0.012007,0.009209,0.191701
2780,0.008850,0.006536,0.318787
2790,0.064266,0.048786,0.247585
2800,0.059052,0.044000,0.247296
2810,0.046666,0.035470,0.200700
2820,0.027797,0.020557,0.203295
2830,0.039954,0.030963,0.210085
2840,0.029839,0.022145,0.175577
2850,0.057538,0.042702,0.243918
2860,0.037046,0.027691,0.189109
2870,0.045403,0.034473,0.200945
2880,0.001403,0.000855,0.002910
2890,0.014243,0.010721,0.146097
2900,0.041082,0.031330,0.212308
2910,0.049659,0.037246,0.223062
2920,0.053536,0.039409,0.217295
2930,0.045845,0.035132,0.194113
2940,0.025517,0.019671,0.169774
2950,0.079789,0.060179,0.271058
2960,0.041533,0.031383,0.200895
2970,0.048213,0.036149,0.204739
2980,0.051436,0.038768,0.224710
2990,0.046972,0.033507,0.211566
3000,0.049125,0.036837,0.238006
3010,0.023933,0.016600,0.199396
3020,0.019900,0.015132,0.164910
3030,0.011906,0.008314,0.238363
3040,0.043896,0.032696,0.197655
3050,0.051816,0.038807,0.216119
3060,0.032692,0.024970,0.159685
3070,0.065972,0.049805,0.263017
3080,0.046783,0.035357,0.204018
3090,0.044248,0.032289,0.198677
3100,0.020973,0.015704,0.143829
3110,0.033274,0.024784,0.185878
3120,0.036445,0.027192,0.196285
3130,0.040128,0.029229,0.183002
3140,0.046701,0.035091,0.233779
3150,0.052562,0.040099,0.237460
3160,0.024409,0.018817,0.154910
3170,0.045524,0.034574,0.200410
3180,0.048217,0.036419,0.204425
3190,0.035752,0.026955,0.172539
3200,0.026725,0.019609,0.159890
3210,0.038033,0.029175,0.186906
3220,0.031852,0.024576,0.195044
3230,0.021176,0.015814,0.140567
3240,0.059681,0.045763,0.266501
3250,0.042675,0.031911,0.219444
3260,0.033938,0.025702,0.191159
3270,0.042012,0.032158,0.201613
3280,0.027863,0.020987,0.158155
3290,0.017471,0.013276,0.162104
3300,0.032740,0.025493,0.181140
3310,0.066325,0.049494,0.273125
3320,0.058780,0.044396,0.200155
3330,0.010521,0.007483,0.154590
3340,0.015316,0.011615,0.162437
3350,0.050725,0.038335,0.202873
3360,0.025649,0.018958,0.148467
3370,0.024786,0.018733,0.153054
3380,0.037734,0.028510,0.211726
3390,0.042258,0.030725,0.224558
3400,0.028355,0.021146,0.145747
3410,0.003557,0.002593,0.096738
3420,0.025778,0.019434,0.191146
3430,0.015758,0.011647,0.117991
3440,0.062480,0.047424,0.256223
3450,0.006438,0.004901,0.486308
3460,0.019753,0.014735,0.112501
3470,0.030131,0.023658,0.169226
3480,0.044921,0.033987,0.209213
3490,0.079701,0.059866,0.298490
3500,0.025968,0.019547,0.179286
3510,0.077709,0.058165,0.285817
3520,0.042577,0.031849,0.191683
3530,0.028698,0.021574,0.151203
3540,0.030253,0.022660,0.185809
3550,0.050127,0.037667,0.222119
3560,0.041821,0.030324,0.199794
3570,0.054143,0.040477,0.216482
3580,0.055631,0.038818,0.333152
3590,0.045696,0.034384,0.251482
3600,0.015252,0.011335,0.084506
3610,0.014334,0.010827,0.086261
3620,0.004531,0.003287,0.105622
3630,0.027120,0.020231,0.158165
3640,0.042732,0.032265,0.208901
3650,0.062221,0.047078,0.247323
3660,0.034580,0.025687,0.175346
3670,0.002031,0.001499,0.088382
3680,0.010168,0.007753,0.142823
3690,0.045199,0.033814,0.195638
3700,0.019871,0.014893,0.157444
3710,0.031714,0.023944,0.174651
3720,0.053612,0.040190,0.247431
3730,0.079991,0.057905,0.284870
3740,0.025969,0.019536,0.147866
3750,0.018084,0.013392,0.152459
3760,0.026080,0.019529,0.158547
3770,0.009446,0.007027,0.125287
3780,0.020938,0.015572,0.148538
3790,0.063841,0.048450,0.242578
3800,0.065214,0.049645,0.270320
3810,0.031824,0.024107,0.194528
3820,0.043307,0.032780,0.219474
3830,0.052192,0.038974,0.231206
3840,0.027619,0.020725,0.154568
3850,0.027288,0.020365,0.156976
3860,0.027270,0.020467,0.163713
3870,0.037605,0.028897,0.179622
3880,0.015584,0.011990,0.105319
3890,0.020979,0.015702,0.142448
3900,0.053418,0.040590,0.229167
3910,0.016887,0.012545,0.152045
3920,0.004798,0.003632,0.209801
3930,0.067016,0.051812,0.274009
3940,0.025134,0.018581,0.173151
3950,0.031072,0.023179,0.187872
3960,0.004674,0.003924,0.011714
3970,0.037819,0.028597,0.184868
3980,0.008467,0.006011,0.177964
3990,0.036033,0.026895,0.161850
4000,0.045289,0.033783,0.230920
4010,0.058211,0.044064,0.224521
4020,0.054454,0.041747,0.222051
4030,0.031146,0.023431,0.165458
4040,0.033618,0.025027,0.179176
4050,0.025524,0.018636,0.177231
4060,0.036827,0.027191,0.213899
4070,0.042276,0.031226,0.202135
4080,0.026745,0.020481,0.178165
4090,0.047576,0.035032,0.211350
4100,0.042577,0.032151,0.207185
4110,0.019942,0.014831,0.134834
4120,0.037333,0.027590,0.198461
4130,0.031167,0.023162,0.158368
4140,0.016438,0.011740,0.144992
4150,0.051025,0.038614,0.205913
4160,0.071045,0.054687,0.280747
4170,0.018909,0.013974,0.133404
4180,0.035769,0.027188,0.192925
4190,0.008592,0.006448,0.055100
4200,0.109131,0.082175,0.409187
4210,0.045151,0.034028,0.194385
4220,0.008160,0.005916,0.223558
4230,0.032480,0.023777,0.242980
4240,0.042577,0.032032,0.212103
4250,0.043851,0.033967,0.194733
4260,0.043021,0.032381,0.184075
4270,0.056440,0.042400,0.245361
4280,0.023124,0.017367,0.158572
4290,0.044013,0.033972,0.191466
4300,0.049746,0.037287,0.196285
4310,0.051506,0.038901,0.219599
4320,0.077019,0.057470,0.286488
4330,0.050752,0.038172,0.232801
4340,0.022558,0.016891,0.124804
4350,0.029496,0.022739,0.170008
4360,0.055816,0.041757,0.248937
4370,0.048605,0.036572,0.211479
4380,0.047076,0.035696,0.219462
4390,0.072258,0.054879,0.264554
4400,0.023016,0.017147,0.145326
4410,0.025214,0.018970,0.153099
4420,0.024468,0.018262,0.165655
4430,0.065269,0.048746,0.261757
4440,0.022797,0.017340,0.125564
4450,0.042143,0.031735,0.194854
4460,0.014682,0.011135,0.089222
4470,0.039226,0.029348,0.191745
4480,0.042854,0.031923,0.241441
4490,0.018656,0.014103,0.134349
4500,0.032002,0.023775,0.166736
4510,0.069484,0.051954,0.242468
4520,0.017206,0.012835,0.138109
4530,0.041693,0.031588,0.188882
4540,0.012168,0.009235,0.084925
4550,0.044150,0.032743,0.197045
4560,0.039802,0.029654,0.200867
4570,0.008861,0.006827,0.076255
4580,0.036876,0.027651,0.161849
4590,0.034688,0.025570,0.166963
4600,0.030608,0.022529,0.184773
4610,0.028623,0.021145,0.185277
4620,0.027973,0.020706,0.126443
4630,0.014197,0.009996,0.160519
4640,0.031571,0.023461,0.198118
4650,0.043492,0.032109,0.205179
4660,0.023218,0.017343,0.160279
4670,0.043187,0.034185,0.177805
4680,0.045508,0.033494,0.241380
4690,0.044208,0.032516,0.209631
4700,0.026146,0.020006,0.144034
4710,0.031835,0.023924,0.177350
4720,0.037360,0.028128,0.178588
4730,0.047921,0.036036,0.202324
4740,0.063068,0.046576,0.230967
4750,0.039098,0.029479,0.189085
4760,0.041703,0.031647,0.202090
4770,0.027373,0.020900,0.156113
4780,0.055637,0.041898,0.213670
4790,0.046071,0.035266,0.195212
4800,0.023966,0.017202,0.175157
4810,0.068854,0.050234,0.264528
4820,0.041201,0.031105,0.199732
4830,0.010912,0.007992,0.115942
4840,0.047694,0.035920,0.196275
4850,0.030992,0.023146,0.172758
4860,0.038009,0.028295,0.186622
4870,0.048852,0.036638,0.222790
4880,0.008882,0.006744,0.072951
4890,0.051287,0.038276,0.195264
4900,0.026713,0.019893,0.131091
4910,0.034174,0.024597,0.274326
4920,0.045842,0.034535,0.260120
4930,0.027201,0.020313,0.152398
4940,0.001327,0.001060,0.003396
4950,0.068949,0.051650,0.258387
4960,0.034045,0.025360,0.185718
4970,0.025705,0.019335,0.174758
4980,0.199820,0.150157,0.647150
4990,0.022606,0.017520,0.158552
5000,0.038021,0.028620,0.191951
5010,0.026437,0.019765,0.166266
5020,0.063233,0.047392,0.235983
5030,0.023010,0.017425,0.183119
5040,0.011528,0.008494,0.120361
5050,0.066893,0.050633,0.252016
5060,0.042010,0.031295,0.191334
5070,0.001484,0.001192,0.118432
5080,0.038775,0.029391,0.185951
5090,0.042271,0.032066,0.191067
5100,0.040274,0.030164,0.198721
5110,0.031845,0.023607,0.173465
5120,0.005904,0.004444,0.112425
5130,0.012413,0.009395,0.116511
5140,0.066338,0.049886,0.252149
5150,0.039519,0.029557,0.191315
5160,0.011107,0.008539,0.142892
5170,0.031414,0.023317,0.167457
5180,0.027444,0.020387,0.134596
5190,0.061000,0.045643,0.260865
5200,0.019839,0.015378,0.092086
5210,0.028558,0.021149,0.153895
5220,0.018298,0.013804,0.141777
5230,0.027060,0.019718,0.206648
5240,0.062394,0.047419,0.235428
5250,0.048409,0.036406,0.218864
5260,0.027978,0.020822,0.162897
5270,0.061830,0.046349,0.233133
5280,0.045241,0.034159,0.188794
5290,0.063823,0.048167,0.244066
5300,0.017365,0.012956,0.137002
5310,0.032670,0.025222,0.174779
5320,0.052030,0.039192,0.238088
5330,0.017128,0.012522,0.131448
5340,0.038655,0.030256,0.164644
5350,0.031466,0.023769,0.174309
5360,0.036823,0.028933,0.169573
5370,0.038613,0.029166,0.180079
5380,0.012826,0.009776,0.075562
5390,0.054555,0.040452,0.240766
5400,0.033809,0.025688,0.180144
5410,0.020248,0.015055,0.142453
5420,0.024941,0.018421,0.147716
5430,0.026269,0.019855,0.168447
5440,0.025087,0.018664,0.151286
5450,0.011225,0.008244,0.113550
5460,0.017412,0.013037,0.092108
5470,0.029772,0.022312,0.165152
5480,0.006846,0.005012,0.149012
5490,0.037915,0.027543,0.187944
5500,0.020490,0.015288,0.141883
5510,0.028052,0.021073,0.157247
5520,0.267102,0.199693,0.790182
5530,0.049349,0.037428,0.196780
5540,0.043334,0.032787,0.193718
5550,0.048080,0.035762,0.213074
5560,0.022515,0.016540,0.147995
5570,0.024015,0.017917,0.157013
5580,0.045678,0.034824,0.204824
5590,0.033170,0.024692,0.158947
5600,0.070792,0.054510,0.255646
5610,0.034785,0.025851,0.196968
5620,0.024012,0.018043,0.149843
5630,0.018204,0.013708,0.133135
5640,0.034269,0.025311,0.172432
5650,0.031133,0.023454,0.177400
5660,0.008259,0.006141,0.128073
5670,0.039035,0.029231,0.180672
5680,0.036305,0.027326,0.176779
5690,0.058181,0.043931,0.239040
5700,0.042867,0.031670,0.223928
5710,0.045473,0.033416,0.201959
5720,0.053132,0.039663,0.244384
5730,0.053554,0.040059,0.211841
5740,0.062822,0.047292,0.241244
5750,0.028466,0.021093,0.181013
5760,0.025206,0.018691,0.163451
5770,0.037575,0.028001,0.180896
5780,0.028882,0.021694,0.167024
5790,0.043637,0.032299,0.234322
5800,0.013565,0.009644,0.534364
5810,0.038800,0.029277,0.162537
5820,0.011411,0.008530,0.451220
5830,0.054911,0.041031,0.229260
5840,0.049108,0.037680,0.218309
5850,0.056068,0.041657,0.262072
5860,0.033026,0.025123,0.175729
5870,0.060333,0.045501,0.216024
5880,0.046194,0.035045,0.227022
5890,0.012049,0.008930,0.109989
5900,0.100289,0.072795,0.327264
5910,0.028958,0.021631,0.151037
5920,0.033909,0.025555,0.185250
5930,0.026088,0.019409,0.143469
5940,0.053502,0.040229,0.198535
5950,0.026101,0.019788,0.186400
5960,0.070855,0.052042,0.280788
5970,0.011184,0.008021,0.267195
5980,0.012068,0.008910,0.115312
5990,0.039274,0.029742,0.173641
6000,0.045081,0.034088,0.193150
6010,0.032867,0.024947,0.189795
6020,0.046722,0.035192,0.203377
6030,0.029406,0.021937,0.174737
6040,0.027800,0.020637,0.162145
6050,0.086633,0.064822,0.292849
6060,0.073317,0.055154,0.279683
6070,0.024909,0.018489,0.150215
6080,0.059468,0.045132,0.234702
6090,0.053862,0.039516,0.217898
6100,0.037739,0.028036,0.179450
6110,0.040355,0.030393,0.191084
6120,0.008560,0.006498,0.139889
6130,0.054442,0.042236,0.217717
6140,0.063132,0.048395,0.235648
6150,0.041005,0.031112,0.184989
6160,0.021143,0.015545,0.140695
6170,0.048149,0.036137,0.187552
6180,0.029256,0.022693,0.187736
6190,0.037254,0.027912,0.151719
6200,0.034054,0.025153,0.183974
6210,0.050302,0.037678,0.200207
6220,0.043120,0.032468,0.180313
6230,0.043579,0.032718,0.174973
6240,0.014523,0.011015,0.126664
6250,0.028077,0.021098,0.185943
6260,0.013305,0.009773,0.155168
6270,0.032447,0.024180,0.188228
6280,0.022078,0.016881,0.159344
6290,0.044303,0.033360,0.184859
6300,0.036889,0.026625,0.169977
6310,0.050072,0.038058,0.207244
6320,0.031373,0.023581,0.159837
6330,0.040724,0.030583,0.195922
6340,0.066634,0.050171,0.237987
6350,0.039426,0.029097,0.186493
6360,0.029340,0.022090,0.180258
6370,0.065079,0.050488,0.282224
6380,0.022622,0.016868,0.158029
6390,0.070356,0.051996,0.238778
6400,0.032761,0.024559,0.145436
6410,0.015982,0.012188,0.087482
6420,0.035221,0.026291,0.186009
6430,0.028220,0.021502,0.165393
6440,0.018831,0.013366,0.168939
6450,0.023334,0.017327,0.142817
6460,0.052119,0.039480,0.197968
6470,0.039998,0.029941,0.222538
6480,0.015739,0.011680,0.126228
6490,0.077143,0.057911,0.271653
6500,0.022102,0.016618,0.127606
6510,0.006203,0.004558,0.146122
6520,0.025246,0.018989,0.143880
6530,0.023597,0.017562,0.145484
6540,0.016550,0.012274,0.115534
6550,0.016177,0.011381,0.111841
6560,0.024810,0.018859,0.163697
6570,0.030422,0.022873,0.161967
6580,0.037434,0.027682,0.178431
6590,0.003055,0.002208,0.175052
6600,0.062714,0.047700,0.216980
6610,0.030010,0.022375,0.169261
6620,0.015935,0.011853,0.141546
6630,0.068301,0.051407,0.262583
6640,0.007434,0.005580,0.108129
6650,0.021231,0.015840,0.159650
6660,0.037157,0.027981,0.181827
6670,0.045582,0.034405,0.191252
6680,0.040584,0.030357,0.188047
6690,0.000253,0.000194,0.091292
6700,0.046706,0.034863,0.202727
6710,0.020301,0.015015,0.118437
6720,0.035666,0.027035,0.178355
6730,0.027053,0.020367,0.164677
6740,0.019088,0.014208,0.129338
6750,0.050054,0.037243,0.214531
6760,0.036895,0.028312,0.179491
6770,0.042847,0.032474,0.192868
6780,0.004082,0.002916,0.097102
6790,0.013615,0.010135,0.139107
6800,0.016042,0.011955,0.098641
6810,0.027497,0.020415,0.193612
6820,0.065048,0.048895,0.235330
6830,0.054490,0.041078,0.218545
6840,0.027430,0.020382,0.185940
6850,0.022412,0.016640,0.138751
6860,0.071723,0.054407,0.262821
6870,0.067598,0.050664,0.251840
6880,0.026160,0.019513,0.122079
6890,0.058946,0.045688,0.226076
6900,0.039488,0.029129,0.184354
6910,0.032024,0.024421,0.146189
6920,0.017935,0.013303,0.225520
6930,0.038631,0.028971,0.171225
6940,0.053986,0.040397,0.228723
6950,0.040012,0.029467,0.181727
6960,0.043681,0.032658,0.213466
6970,0.052349,0.039160,0.198047
6980,0.051075,0.038419,0.209489
6990,0.016989,0.012820,0.146326
7000,0.029015,0.021422,0.156549
7010,0.012748,0.009433,0.080563
7020,0.000805,0.000611,0.058756
7030,0.019865,0.014941,0.133155
7040,0.033934,0.025666,0.174263
7050,0.004834,0.003466,0.040938
7060,0.031023,0.023294,0.210900
7070,0.003099,0.002239,0.185655
7080,0.031405,0.023512,0.169996
7090,0.017009,0.012678,0.112058
7100,0.038756,0.029149,0.169554
7110,0.039268,0.029362,0.187173
7120,0.081802,0.061109,0.279630
7130,0.046151,0.034971,0.197144
7140,0.051023,0.038218,0.197961
7150,0.010811,0.007703,0.169796
7160,0.034486,0.026268,0.173216
7170,0.040079,0.030344,0.174835
7180,0.052635,0.039719,0.220641
7190,0.027039,0.020208,0.144683
7200,0.059095,0.044261,0.239411
7210,0.030349,0.022860,0.159781
7220,0.042375,0.031848,0.189825
7230,0.101844,0.076397,0.333287
7240,0.028130,0.020655,0.165280
7250,0.059402,0.044455,0.239317
7260,0.022696,0.017181,0.144537
7270,0.026399,0.019692,0.157193
7280,0.043520,0.032769,0.193895
7290,0.048919,0.036618,0.188168
7300,0.040931,0.030570,0.170003
7310,0.010843,0.008086,0.106299
7320,0.079384,0.059702,0.271598
7330,0.012092,0.008722,0.178326
7340,0.055458,0.042069,0.223806
7350,0.023441,0.017586,0.140743
7360,0.007279,0.005221,0.376389
7370,0.016490,0.012098,0.136041
7380,0.035630,0.026799,0.172244
7390,0.040831,0.031134,0.162555
7400,0.041362,0.031563,0.184425
7410,0.030832,0.023117,0.178792
7420,0.036224,0.027110,0.178955
7430,0.008077,0.006151,0.239871
7440,0.029193,0.022285,0.154287
7450,0.031260,0.023552,0.178234
7460,0.054193,0.041560,0.226694
7470,0.022886,0.017115,0.095178
7480,0.020215,0.014099,0.135308
7490,0.031475,0.023458,0.180484
7500,0.017091,0.012537,0.144852
7510,0.030980,0.024057,0.173519
7520,0.033880,0.026127,0.154977
7530,0.020869,0.015480,0.150013
7540,0.078526,0.056554,0.456137
7550,0.021147,0.015821,0.161871
7560,0.044485,0.033509,0.198488
7570,0.032003,0.023868,0.181618
7580,0.043639,0.032571,0.217501
7590,0.011586,0.008624,0.115734
7600,0.037300,0.027929,0.163160
7610,0.013397,0.010041,0.111589
7620,0.028119,0.021511,0.160330
7630,0.043073,0.032412,0.189594
7640,0.030113,0.022494,0.158969
7650,0.065038,0.048188,0.222780
7660,0.021636,0.016223,0.109906
7670,0.024414,0.018157,0.155636
7680,0.017740,0.013089,0.129060
7690,0.019093,0.014129,0.147777
7700,0.031021,0.023361,0.178305
7710,0.059038,0.044243,0.225127
7720,0.016171,0.012195,0.135817
7730,0.031379,0.023734,0.153088
7740,0.041772,0.031484,0.186156
7750,0.014666,0.010859,0.138197
7760,0.017218,0.013028,0.116392
7770,0.045252,0.034129,0.194875
7780,0.034544,0.025415,0.177451
7790,0.071008,0.052961,0.248668
7800,0.012706,0.009435,0.064953
7810,0.017257,0.012510,0.191246
7820,0.041028,0.031276,0.169956
7830,0.015013,0.011218,0.121418
7840,0.025828,0.019099,0.123191
7850,0.017713,0.013069,0.134456
7860,0.023024,0.017446,0.102927
7870,0.021379,0.016424,0.113164
7880,0.024305,0.018389,0.137557
7890,0.039473,0.028954,0.188439
7900,0.026309,0.019403,0.156754
7910,0.018787,0.014010,0.129878
7920,0.004725,0.003474,0.140530
7930,0.032164,0.024302,0.156430
7940,0.039324,0.028870,0.192870
7950,0.028764,0.021566,0.169613
7960,0.025861,0.019311,0.160127
7970,0.038305,0.028658,0.174826
7980,0.020631,0.015573,0.130642
7990,0.000126,0.000101,0.055615
8000,0.057900,0.042868,0.230490
8010,0.030900,0.023107,0.162400
8020,0.015500,0.011478,0.114065
8030,0.029586,0.022452,0.120244
8040,0.057212,0.043290,0.222752
8050,0.011140,0.008392,0.153502
8060,0.048821,0.036563,0.192830
8070,0.026918,0.020270,0.126759
8080,0.002341,0.001748,0.099735
8090,0.033660,0.025481,0.180852
8100,0.044194,0.032714,0.203670
8110,0.027026,0.020483,0.127755
8120,0.038600,0.028888,0.190917
8130,0.030545,0.023074,0.144739
8140,0.026405,0.019826,0.138833
8150,0.052572,0.039437,0.212464
8160,0.007244,0.005320,0.102291
8170,0.050373,0.037730,0.211151
8180,0.057001,0.042536,0.224912
8190,0.017763,0.013383,0.145202
8200,0.015001,0.011193,0.130045
8210,0.032743,0.024271,0.159486
8220,0.019535,0.014480,0.131447
8230,0.045609,0.034102,0.195132
8240,0.024526,0.018474,0.145073
8250,0.044530,0.033448,0.202255
8260,0.030361,0.022809,0.143230
8270,0.003336,0.002364,0.107118
8280,0.021196,0.015841,0.133032
8290,0.051500,0.038707,0.214098
8300,0.093200,0.071064,0.336791
8310,0.038623,0.028915,0.167386
8320,0.047957,0.035163,0.189243
8330,0.048809,0.036808,0.191593
8340,0.020271,0.015068,0.143584
8350,0.020942,0.015549,0.136301
8360,0.036968,0.027374,0.217728
8370,0.011762,0.008754,0.091432
8380,0.052457,0.039432,0.212005
8390,0.015320,0.011431,0.107986
8400,0.011582,0.008622,0.070857
8410,0.024231,0.018048,0.158347
8420,0.027060,0.020306,0.149387
8430,0.056205,0.042417,0.213049
8440,0.024444,0.018221,0.165840
8450,0.048418,0.036539,0.214218
8460,0.002518,0.001826,0.307237
8470,0.023616,0.017499,0.158086
8480,0.053184,0.040069,0.206070
8490,0.017796,0.013308,0.130613
8500,0.024092,0.017849,0.150228
8510,0.066036,0.049565,0.244271
8520,0.005640,0.004139,0.043248
8530,0.014980,0.011110,0.135801
8540,0.041771,0.031544,0.203704
8550,0.011982,0.008913,0.168743
8560,0.041705,0.031378,0.190966
8570,0.034469,0.025928,0.168619
8580,0.043072,0.032274,0.193791
8590,0.036445,0.027253,0.193803
8600,0.024493,0.017953,0.114254
8610,0.007591,0.005532,0.221750
8620,0.061847,0.046508,0.230021
8630,0.045706,0.034452,0.180545
8640,nan,nan,nan
8650,nan,nan,nan
8660,nan,nan,nan
8670,nan,nan,nan
8680,nan,nan,nan
8690,nan,nan,nan
8700,nan,nan,nan
8710,nan,nan,nan
8720,nan,nan,nan
8730,nan,nan,nan
8740,nan,nan,nan
8750,nan,nan,nan
8760,nan,nan,nan
8770,nan,nan,nan
8780,nan,nan,nan
8790,nan,nan,nan
8800,nan,nan,nan
8810,nan,nan,nan
8820,nan,nan,nan
8830,nan,nan,nan
8840,nan,nan,nan
8850,nan,nan,nan
8860,nan,nan,nan
8870,nan,nan,nan
8880,nan,nan,nan
8890,nan,nan,nan
8900,nan,nan,nan
8910,nan,nan,nan
8920,nan,nan,nan
8930,nan,nan,nan
8940,nan,nan,nan
8950,nan,nan,nan
8960,nan,nan,nan
8970,nan,nan,nan
8980,nan,nan,nan
8990,nan,nan,nan
9000,nan,nan,nan
9010,nan,nan,nan
9020,nan,nan,nan
9030,nan,nan,nan
9040,nan,nan,nan
9050,nan,nan,nan
9060,nan,nan,nan
9070,nan,nan,nan
9080,nan,nan,nan
9090,nan,nan,nan
9100,nan,nan,nan
9110,nan,nan,nan
9120,nan,nan,nan
9130,nan,nan,nan
9140,nan,nan,nan
9150,nan,nan,nan
9160,nan,nan,nan
9170,nan,nan,nan
9180,nan,nan,nan
9190,nan,nan,nan
9200,nan,nan,nan
9210,nan,nan,nan
9220,nan,nan,nan
9230,nan,nan,nan
9240,nan,nan,nan
9250,nan,nan,nan
9260,nan,nan,nan
9270,nan,nan,nan
9280,nan,nan,nan
9290,nan,nan,nan
9300,nan,nan,nan
9310,nan,nan,nan
9320,nan,nan,nan
9330,nan,nan,nan
9340,nan,nan,nan
9350,nan,nan,nan
9360,nan,nan,nan
9370,nan,nan,nan
9380,nan,nan,nan
9390,nan,nan,nan
9400,nan,nan,nan
9410,nan,nan,nan
9420,nan,nan,nan
9430,nan,nan,nan
9440,nan,nan,nan
9450,nan,nan,nan
9460,nan,nan,nan
9470,nan,nan,nan
9480,nan,nan,nan
9490,nan,nan,nan
9500,nan,nan,nan
9510,nan,nan,nan
9520,nan,nan,nan
9530,nan,nan,nan
9540,nan,nan,nan
9550,nan,nan,nan
9560,nan,nan,nan
9570,nan,nan,nan
9580,nan,nan,nan
9590,nan,nan,nan
9600,nan,nan,nan
9610,nan,nan,nan
9620,nan,nan,nan
9630,nan,nan,nan
9640,nan,nan,nan
9650,nan,nan,nan
9660,nan,nan,nan
9670,nan,nan,nan
9680,nan,nan,nan
9690,nan,nan,nan
9700,nan,nan,nan
9710,nan,nan,nan
9720,nan,nan,nan
9730,nan,nan,nan
9740,nan,nan,nan
9750,nan,nan,nan
9760,nan,nan,nan
9770,nan,nan,nan
9780,nan,nan,nan
9790,nan,nan,nan
9800,nan,nan,nan
9810,nan,nan,nan
9820,nan,nan,nan
9830,nan,nan,nan
9840,nan,nan,nan
9850,nan,nan,nan
9860,nan,nan,nan
9870,nan,nan,nan
9880,nan,nan,nan
9890,nan,nan,nan
9900,nan,nan,nan
9910,nan,nan,nan
9920,nan,nan,nan
9930,nan,nan,nan
9940,nan,nan,nan
9950,nan,nan,nan
9960,nan,nan,nan
9970,nan,nan,nan
9980,nan,nan,nan
9990,nan,nan,nan
10000,nan,nan,nan
10010,nan,nan,nan
10020,nan,nan,nan
10030,nan,nan,nan
10040,nan,nan,nan
10050,nan,nan,nan
10060,nan,nan,nan
10070,nan,nan,nan
10080,nan,nan,nan
10090,nan,nan,nan
10100,nan,nan,nan
10110,nan,nan,nan
10120,nan,nan,nan
10130,nan,nan,nan
10140,nan,nan,nan
10150,nan,nan,nan
10160,nan,nan,nan
10170,nan,nan,nan
10180,nan,nan,nan
10190,nan,nan,nan
10200,nan,nan,nan
10210,nan,nan,nan
10220,nan,nan,nan
10230,nan,nan,nan
10240,nan,nan,nan
10250,nan,nan,nan
10260,nan,nan,nan
10270,nan,nan,nan
10280,nan,nan,nan
10290,nan,nan,nan
10300,nan,nan,nan
10310,nan,nan,nan
10320,nan,nan,nan
10330,nan,nan,nan
10340,nan,nan,nan
10350,nan,nan,nan
10360,nan,nan,nan
10370,nan,nan,nan
10380,nan,nan,nan
10390,nan,nan,nan
10400,nan,nan,nan
10410,nan,nan,nan
10420,nan,nan,nan
10430,nan,nan,nan
10440,nan,nan,nan
10450,nan,nan,nan
10460,nan,nan,nan
10470,nan,nan,nan
10480,nan,nan,nan
10490,nan,nan,nan
10500,nan,nan,nan
10510,nan,nan,nan
10520,nan,nan,nan
10530,nan,nan,nan
10540,nan,nan,nan
10550,nan,nan,nan
10560,nan,nan,nan
10570,nan,nan,nan
10580,nan,nan,nan
10590,nan,nan,nan
10600,nan,nan,nan
10610,nan,nan,nan
10620,nan,nan,nan
10630,nan,nan,nan
10640,nan,nan,nan
10650,nan,nan,nan
10660,nan,nan,nan
10670,nan,nan,nan
10680,nan,nan,nan
10690,nan,nan,nan
10700,nan,nan,nan
10710,nan,nan,nan
10720,nan,nan,nan
10730,nan,nan,nan
10740,nan,nan,nan
10750,nan,nan,nan
10760,nan,nan,nan
10770,nan,nan,nan
10780,nan,nan,nan
10790,nan,nan,nan
10800,nan,nan,nan
10810,nan,nan,nan
10820,nan,nan,nan
10830,nan,nan,nan
10840,nan,nan,nan
10850,nan,nan,nan
10860,nan,nan,nan
10870,nan,nan,nan
10880,nan,nan,nan
10890,nan,nan,nan
10900,nan,nan,nan
10910,nan,nan,nan
10920,nan,nan,nan
10930,nan,nan,nan
10940,nan,nan,nan
10950,nan,nan,nan
10960,nan,nan,nan
10970,nan,nan,nan
10980,nan,nan,nan
10990,nan,nan,nan
11000,nan,nan,nan
11010,nan,nan,nan
11020,nan,nan,nan
11030,nan,nan,nan
11040,nan,nan,nan
11050,nan,nan,nan
11060,nan,nan,nan
11070,nan,nan,nan
11080,nan,nan,nan
11090,nan,nan,nan
11100,nan,nan,nan
11110,nan,nan,nan
11120,nan,nan,nan
11130,nan,nan,nan
11140,nan,nan,nan
11150,nan,nan,nan
11160,nan,nan,nan
11170,nan,nan,nan
11180,nan,nan,nan
11190,nan,nan,nan
11200,nan,nan,nan
11210,nan,nan,nan
11220,nan,nan,nan
11230,nan,nan,nan
11240,nan,nan,nan
11250,nan,nan,nan
11260,nan,nan,nan
11270,nan,nan,nan
11280,nan,nan,nan
11290,nan,nan,nan
11300,nan,nan,nan
11310,nan,nan,nan
11320,nan,nan,nan
11330,nan,nan,nan
11340,nan,nan,nan
11350,nan,nan,nan
11360,nan,nan,nan
11370,nan,nan,nan
11380,nan,nan,nan
11390,nan,nan,nan
11400,nan,nan,nan
11410,nan,nan,nan
11420,nan,nan,nan
11430,nan,nan,nan
11440,nan,nan,nan
11450,nan,nan,nan
11460,nan,nan,nan
11470,nan,nan,nan
11480,nan,nan,nan
11490,nan,nan,nan
11500,nan,nan,nan
11510,nan,nan,nan
11520,nan,nan,nan
11530,nan,nan,nan
11540,nan,nan,nan
11550,nan,nan,nan
11560,nan,nan,nan
11570,nan,nan,nan
11580,nan,nan,nan
11590,nan,nan,nan
11600,nan,nan,nan
11610,nan,nan,nan
11620,nan,nan,nan
11630,nan,nan,nan
11640,nan,nan,nan
11650,nan,nan,nan
11660,nan,nan,nan
11670,nan,nan,nan
11680,nan,nan,nan
11690,nan,nan,nan
11700,nan,nan,nan
11710,nan,nan,nan
11720,nan,nan,nan
11730,nan,nan,nan
11740,nan,nan,nan
11750,nan,nan,nan
11760,nan,nan,nan
11770,nan,nan,nan
11780,nan,nan,nan
11790,nan,nan,nan
11800,nan,nan,nan
11810,nan,nan,nan
11820,nan,nan,nan
11830,nan,nan,nan
11840,nan,nan,nan
11850,nan,nan,nan
11860,nan,nan,nan
11870,nan,nan,nan
11880,nan,nan,nan
11890,nan,nan,nan
11900,nan,nan,nan
11910,nan,nan,nan
11920,nan,nan,nan
11930,nan,nan,nan
11940,nan,nan,nan
11950,nan,nan,nan
11960,nan,nan,nan
11970,nan,nan,nan
11980,nan,nan,nan
11990,nan,nan,nan
12000,nan,nan,nan
12010,nan,nan,nan
12020,nan,nan,nan
12030,nan,nan,nan
12040,nan,nan,nan
12050,nan,nan,nan
12060,nan,nan,nan
12070,nan,nan,nan
12080,nan,nan,nan
12090,nan,nan,nan
12100,nan,nan,nan
12110,nan,nan,nan
12120,nan,nan,nan
12130,nan,nan,nan
12140,nan,nan,nan
12150,nan,nan,nan
12160,nan,nan,nan
12170,nan,nan,nan
12180,nan,nan,nan
12190,nan,nan,nan
12200,nan,nan,nan
12210,nan,nan,nan
12220,nan,nan,nan
12230,nan,nan,nan
12240,nan,nan,nan
12250,nan,nan,nan
12260,nan,nan,nan
12270,nan,nan,nan
12280,nan,nan,nan
12290,nan,nan,nan
12300,nan,nan,nan
12310,nan,nan,nan
12320,nan,nan,nan
12330,nan,nan,nan
12340,nan,nan,nan
12350,nan,nan,nan
12360,nan,nan,nan
12370,nan,nan,nan
12380,nan,nan,nan
12390,nan,nan,nan
12400,nan,nan,nan
12410,nan,nan,nan
12420,nan,nan,nan
12430,nan,nan,nan
12440,nan,nan,nan
12450,nan,nan,nan
12460,nan,nan,nan
12470,nan,nan,nan
12480,nan,nan,nan
12490,nan,nan,nan
12500,nan,nan,nan
12510,nan,nan,nan
12520,nan,nan,nan
12530,nan,nan,nan
12540,nan,nan,nan
12550,nan,nan,nan
12560,nan,nan,nan
12570,nan,nan,nan
12580,nan,nan,nan
12590,nan,nan,nan
12600,nan,nan,nan
12610,nan,nan,nan
12620,nan,nan,nan
12630,nan,nan,nan
12640,nan,nan,nan
12650,nan,nan,nan
12660,nan,nan,nan
12670,nan,nan,nan
12680,nan,nan,nan
12690,nan,nan,nan
12700,nan,nan,nan
12710,nan,nan,nan
12720,nan,nan,nan
12730,nan,nan,nan
12740,nan,nan,nan
12750,nan,nan,nan
12760,nan,nan,nan
12770,nan,nan,nan
12780,nan,nan,nan
12790,nan,nan,nan
12800,nan,nan,nan
12810,nan,nan,nan
12820,nan,nan,nan
12830,nan,nan,nan
12840,nan,nan,nan
12850,nan,nan,nan
12860,nan,nan,nan
12870,nan,nan,nan
12880,nan,nan,nan
12890,nan,nan,nan
12900,nan,nan,nan
12910,nan,nan,nan
12920,nan,nan,nan
12930,nan,nan,nan
12940,nan,nan,nan
12950,nan,nan,nan
12960,nan,nan,nan
12970,nan,nan,nan
12980,nan,nan,nan
12990,nan,nan,nan
13000,nan,nan,nan
13010,nan,nan,nan
13020,nan,nan,nan
13030,nan,nan,nan
13040,nan,nan,nan
13050,nan,nan,nan
13060,nan,nan,nan
13070,nan,nan,nan
13080,nan,nan,nan
13090,nan,nan,nan
13100,nan,nan,nan
13110,nan,nan,nan
13120,nan,nan,nan
13130,nan,nan,nan
13140,nan,nan,nan
13150,nan,nan,nan
13160,nan,nan,nan
13170,nan,nan,nan
13180,nan,nan,nan
13190,nan,nan,nan
13200,nan,nan,nan
13210,nan,nan,nan
13220,nan,nan,nan
13230,nan,nan,nan
13240,nan,nan,nan
13250,nan,nan,nan
13260,nan,nan,nan
13270,nan,nan,nan
13280,nan,nan,nan
13290,nan,nan,nan
13300,nan,nan,nan
13310,nan,nan,nan
13320,nan,nan,nan
13330,nan,nan,nan
13340,nan,nan,nan
13350,nan,nan,nan
13360,nan,nan,nan
13370,nan,nan,nan
13380,nan,nan,nan
13390,nan,nan,nan
13400,nan,nan,nan
13410,nan,nan,nan
13420,nan,nan,nan
13430,nan,nan,nan
13440,nan,nan,nan
13450,nan,nan,nan
13460,nan,nan,nan
13470,nan,nan,nan
13480,nan,nan,nan
13490,nan,nan,nan
13500,nan,nan,nan
13510,nan,nan,nan
13520,nan,nan,nan
13530,nan,nan,nan
13540,nan,nan,nan
13550,nan,nan,nan
13560,nan,nan,nan
13570,nan,nan,nan
13580,nan,nan,nan
13590,nan,nan,nan
13600,nan,nan,nan
13610,nan,nan,nan
13620,nan,nan,nan
13630,nan,nan,nan
13640,nan,nan,nan
13650,nan,nan,nan
13660,nan,nan,nan
13670,nan,nan,nan
13680,nan,nan,nan
13690,nan,nan,nan
13700,nan,nan,nan
13710,nan,nan,nan
13720,nan,nan,nan
13730,nan,nan,nan
13740,nan,nan,nan
13750,nan,nan,nan
13760,nan,nan,nan
13770,nan,nan,nan
13780,nan,nan,nan
13790,nan,nan,nan
13800,nan,nan,nan
13810,nan,nan,nan
13820,nan,nan,nan
13830,nan,nan,nan
13840,nan,nan,nan
13850,nan,nan,nan
13860,nan,nan,nan
13870,nan,nan,nan
13880,nan,nan,nan
13890,nan,nan,nan
13900,nan,nan,nan
13910,nan,nan,nan
13920,nan,nan,nan
13930,nan,nan,nan
13940,nan,nan,nan
13950,nan,nan,nan
13960,nan,nan,nan
13970,nan,nan,nan
13980,nan,nan,nan
13990,nan,nan,nan
14000,nan,nan,nan
14010,nan,nan,nan
14020,nan,nan,nan
14030,nan,nan,nan
14040,nan,nan,nan
14050,nan,nan,nan
14060,nan,nan,nan
14070,nan,nan,nan
14080,nan,nan,nan
14090,nan,nan,nan
14100,nan,nan,nan
14110,nan,nan,nan
14120,nan,nan,nan
14130,nan,nan,nan
14140,nan,nan,nan
14150,nan,nan,nan
14160,nan,nan,nan
14170,nan,nan,nan
14180,nan,nan,nan
14190,nan,nan,nan
14200,nan,nan,nan
14210,nan,nan,nan
14220,nan,nan,nan
14230,nan,nan,nan
14240,nan,nan,nan
14250,nan,nan,nan
14260,nan,nan,nan
14270,nan,nan,nan
14280,nan,nan,nan
14290,nan,nan,nan
14300,nan,nan,nan
14310,nan,nan,nan
14320,nan,nan,nan
14330,nan,nan,nan
14340,nan,nan,nan
14350,nan,nan,nan
14360,nan,nan,nan
14370,nan,nan,nan
14380,nan,nan,nan
14390,nan,nan,nan
14400,nan,nan,nan
14410,nan,nan,nan
14420,nan,nan,nan
14430,nan,nan,nan
14440,nan,nan,nan
14450,nan,nan,nan
14460,nan,nan,nan
14470,nan,nan,nan
14480,nan,nan,nan
14490,nan,nan,nan
14500,nan,nan,nan
14510,nan,nan,nan
14520,nan,nan,nan
14530,nan,nan,nan
14540,nan,nan,nan
14550,nan,nan,nan
14560,nan,nan,nan
14570,nan,nan,nan
14580,nan,nan,nan
14590,nan,nan,nan
14600,nan,nan,nan
14610,nan,nan,nan
14620,nan,nan,nan
14630,nan,nan,nan
14640,nan,nan,nan
14650,nan,nan,nan
14660,nan,nan,nan
14670,nan,nan,nan
14680,nan,nan,nan
14690,nan,nan,nan
14700,nan,nan,nan
14710,nan,nan,nan
14720,nan,nan,nan
14730,nan,nan,nan
14740,nan,nan,nan
14750,nan,nan,nan
14760,nan,nan,nan
14770,nan,nan,nan
14780,nan,nan,nan
14790,nan,nan,nan
14800,nan,nan,nan
14810,nan,nan,nan
14820,nan,nan,nan
14830,nan,nan,nan
14840,nan,nan,nan
14850,nan,nan,nan
14860,nan,nan,nan
14870,nan,nan,nan
14880,nan,nan,nan
14890,nan,nan,nan
14900,nan,nan,nan
14910,nan,nan,nan
14920,nan,nan,nan
14930,nan,nan,nan
14940,nan,nan,nan
14950,nan,nan,nan
14960,nan,nan,nan
14970,nan,nan,nan
14980,nan,nan,nan
14990,nan,nan,nan
15000,nan,nan,nan
15010,nan,nan,nan
15020,nan,nan,nan
15030,nan,nan,nan
15040,nan,nan,nan
15050,nan,nan,nan
15060,nan,nan,nan
15070,nan,nan,nan
15080,nan,nan,nan
15090,nan,nan,nan
15100,nan,nan,nan
15110,nan,nan,nan
15120,nan,nan,nan
15130,nan,nan,nan
15140,nan,nan,nan
15150,nan,nan,nan
15160,nan,nan,nan
15170,nan,nan,nan
15180,nan,nan,nan
15190,nan,nan,nan
15200,nan,nan,nan
15210,nan,nan,nan
15220,nan,nan,nan
15230,nan,nan,nan
15240,nan,nan,nan
15250,nan,nan,nan
15260,nan,nan,nan
15270,nan,nan,nan
15280,nan,nan,nan
15290,nan,nan,nan
15300,nan,nan,nan
15310,nan,nan,nan
15320,nan,nan,nan
15330,nan,nan,nan
15340,nan,nan,nan
15350,nan,nan,nan
15360,nan,nan,nan
15370,nan,nan,nan
15380,nan,nan,nan
15390,nan,nan,nan
15400,nan,nan,nan
15410,nan,nan,nan
15420,nan,nan,nan
15430,nan,nan,nan
15440,nan,nan,nan
15450,nan,nan,nan
15460,nan,nan,nan
15470,nan,nan,nan
15480,nan,nan,nan
15490,nan,nan,nan
15500,nan,nan,nan
15510,nan,nan,nan
15520,nan,nan,nan
15530,nan,nan,nan
15540,nan,nan,nan
15550,nan,nan,nan
15560,nan,nan,nan
15570,nan,nan,nan
15580,nan,nan,nan
15590,nan,nan,nan
15600,nan,nan,nan
15610,nan,nan,nan
15620,nan,nan,nan
15630,nan,nan,nan
15640,nan,nan,nan
15650,nan,nan,nan
15660,nan,nan,nan
15670,nan,nan,nan
15680,nan,nan,nan
15690,nan,nan,nan
15700,nan,nan,nan
15710,nan,nan,nan
15720,nan,nan,nan
15730,nan,nan,nan
15740,nan,nan,nan
15750,nan,nan,nan
15760,nan,nan,nan
15770,nan,nan,nan
15780,nan,nan,nan
15790,nan,nan,nan
15800,nan,nan,nan
15810,nan,nan,nan
15820,nan,nan,nan
15830,nan,nan,nan
15840,nan,nan,nan
15850,nan,nan,nan
15860,nan,nan,nan
15870,nan,nan,nan
15880,nan,nan,nan
15890,nan,nan,nan
15900,nan,nan,nan
15910,nan,nan,nan
15920,nan,nan,nan
15930,nan,nan,nan
15940,nan,nan,nan
15950,nan,nan,nan
15960,nan,nan,nan
15970,nan,nan,nan
